below;sec
100;0.000002
1000;0.000031
10000;0.000510
100000;0.009157
1000000;0.177050
10000000;3.398509
100000000;74.731746